{
  "greeting": "Hi",
  "name": "Fina",
  "greetingText": "I really like your name!",
  "text1": "Fina Nur Kholisah, that's a beautiful name btw :D",
  "textInChatBox": "Hello pin, I wanna to say something to you...",
  "sendButtonLabel": "Send",
  "text2": "That's what I was going to do.",
  "text3": "But then I stopped.",
  "text31": "I don't have the courage to say that.",
  "text32": "And I thought I should try to do it.",
  "text4": "I realised, I wanted to do something",
  "text4Adjective": "special",
  "text5Entry": "Because,",
  "text5Content": "You are Special",
  "smiley": ":)",
  "bigTextPart1": "S",
  "bigTextPart2": "O",
  "imagePath": "img/pina.png",
  "wishHeading": "I_LOVE_YOU",
  "wishText": "I just wanted to say that I LOVE YOU, Will you be mine?",
  "outroText": "Okay, now tell me if you liked it and don't forget to give me the answer.",
  "replayText": "Or click, if you want to watch it again.",
  "outroSmiley": ":)"
}
